Recency,Frequency,CustomerTenureDays
32.0,2.9444389791664403,342.0
3.0,2.9444389791664403,370.0
96.0,1.791759469228055,278.0
26.0,3.044522437723423,348.0
8.0,3.332204510175204,366.0
16.0,2.772588722239781,357.0
3.0,4.465908118654584,371.0
88.0,2.079441541679836,286.0
50.0,1.3862943611198906,323.0
36.0,2.9444389791664403,338.0
8.0,1.3862943611198906,366.0
2.0,3.970291913552122,371.0
1.0,2.6390573296152584,372.0
17.0,2.3978952727983707,357.0
8.0,1.6094379124341005,365.0
31.0,3.1354942159291497,342.0
30.0,2.19722457733622,343.0
89.0,1.9459101490553128,284.0
4.0,2.8903717578961645,369.0
4.0,1.3862943611198906,369.0
12.0,2.079441541679836,361.0
22.0,1.6094379124341005,351.0
22.0,3.367295829986474,351.0
2.0,2.9444389791664403,372.0
173.0,1.6094379124341005,200.0
24.0,3.091042453358316,349.0
57.0,1.0986122886681098,316.0
40.0,1.6094379124341005,333.0
54.0,1.0986122886681098,319.0
186.0,1.9459101490553128,187.0
71.0,1.6094379124341005,302.0
102.0,1.9459101490553128,271.0
46.0,1.6094379124341005,327.0
1.0,2.5649493574615367,372.0
2.0,1.6094379124341005,371.0
71.0,1.6094379124341005,302.0
30.0,1.3862943611198906,343.0
1.0,2.079441541679836,372.0
185.0,1.791759469228055,188.0
36.0,1.791759469228055,337.0
8.0,2.5649493574615367,365.0
7.0,1.0986122886681098,365.0
99.0,1.791759469228055,273.0
31.0,2.6390573296152584,342.0
4.0,2.833213344056216,369.0
80.0,1.9459101490553128,293.0
4.0,3.9318256327243257,369.0
2.0,3.737669618283368,371.0
22.0,1.0986122886681098,351.0
80.0,2.995732273553991,292.0
86.0,1.3862943611198906,287.0
4.0,2.302585092994046,368.0
3.0,1.6094379124341005,370.0
61.0,1.3862943611198906,312.0
1.0,3.737669618283368,372.0
30.0,2.833213344056216,342.0
144.0,2.4849066497880004,229.0
79.0,2.19722457733622,294.0
12.0,3.044522437723423,361.0
28.0,2.6390573296152584,345.0
128.0,1.0986122886681098,244.0
10.0,3.044522437723423,362.0
9.0,2.9444389791664403,364.0
1.0,2.772588722239781,372.0
12.0,1.9459101490553128,361.0
8.0,2.8903717578961645,365.0
40.0,2.19722457733622,333.0
9.0,2.079441541679836,364.0
3.0,3.332204510175204,369.0
2.0,2.772588722239781,371.0
11.0,2.8903717578961645,361.0
12.0,3.1780538303479458,360.0
8.0,2.19722457733622,364.0
9.0,2.3978952727983707,364.0
11.0,2.3978952727983707,361.0
12.0,3.1354942159291497,361.0
24.0,2.833213344056216,348.0
29.0,1.3862943611198906,343.0
10.0,2.6390573296152584,362.0
100.0,2.19722457733622,272.0
4.0,2.3978952727983707,368.0
175.0,1.0986122886681098,197.0
5.0,3.044522437723423,368.0
26.0,2.079441541679836,346.0
149.0,1.0986122886681098,223.0
9.0,2.4849066497880004,363.0
19.0,2.995732273553991,353.0
22.0,2.079441541679836,350.0
73.0,3.044522437723423,299.0
11.0,3.4657359027997265,361.0
22.0,2.19722457733622,350.0
24.0,1.0986122886681098,348.0
32.0,1.0986122886681098,340.0
29.0,2.079441541679836,343.0
25.0,1.0986122886681098,347.0
82.0,1.6094379124341005,290.0
19.0,1.6094379124341005,353.0
11.0,3.091042453358316,360.0
52.0,2.3978952727983707,320.0
23.0,2.6390573296152584,349.0
17.0,2.079441541679836,355.0
1.0,3.4657359027997265,371.0
22.0,1.9459101490553128,350.0
7.0,2.3978952727983707,365.0
59.0,1.791759469228055,313.0
4.0,2.8903717578961645,367.0
178.0,1.6094379124341005,194.0
58.0,1.9459101490553128,314.0
27.0,1.9459101490553128,345.0
16.0,2.19722457733622,356.0
29.0,1.9459101490553128,343.0
3.0,2.079441541679836,369.0
7.0,3.1780538303479458,365.0
58.0,1.3862943611198906,313.0
4.0,4.499809670330265,368.0
70.0,1.9459101490553128,301.0
4.0,2.70805020110221,368.0
158.0,1.6094379124341005,214.0
54.0,2.079441541679836,318.0
127.0,1.0986122886681098,244.0
176.0,2.302585092994046,196.0
1.0,3.4657359027997265,370.0
185.0,1.791759469228055,186.0
170.0,1.3862943611198906,202.0
155.0,1.3862943611198906,217.0
2.0,2.5649493574615367,369.0
7.0,1.0986122886681098,364.0
18.0,2.302585092994046,353.0
39.0,2.3978952727983707,333.0
43.0,1.9459101490553128,329.0
81.0,1.0986122886681098,291.0
21.0,3.688879454113936,350.0
16.0,2.079441541679836,355.0
39.0,2.19722457733622,332.0
45.0,2.079441541679836,326.0
3.0,2.8903717578961645,368.0
59.0,2.19722457733622,312.0
5.0,3.295836866004329,367.0
5.0,2.19722457733622,366.0
12.0,1.791759469228055,360.0
2.0,1.791759469228055,369.0
4.0,1.6094379124341005,367.0
4.0,2.302585092994046,367.0
1.0,2.772588722239781,370.0
91.0,2.079441541679836,280.0
64.0,2.079441541679836,307.0
29.0,2.4849066497880004,342.0
21.0,2.5649493574615367,350.0
153.0,1.6094379124341005,218.0
4.0,3.4657359027997265,367.0
10.0,1.9459101490553128,361.0
5.0,2.833213344056216,365.0
72.0,2.19722457733622,299.0
23.0,2.8903717578961645,348.0
8.0,2.6390573296152584,363.0
53.0,1.6094379124341005,318.0
24.0,1.3862943611198906,347.0
3.0,2.8903717578961645,368.0
65.0,1.0986122886681098,306.0
23.0,2.19722457733622,347.0
16.0,2.772588722239781,355.0
64.0,2.079441541679836,307.0
54.0,1.0986122886681098,316.0
1.0,3.4339872044851463,368.0
41.0,2.4849066497880004,329.0
6.0,3.332204510175204,364.0
6.0,1.6094379124341005,364.0
12.0,2.3978952727983707,357.0
7.0,2.4849066497880004,362.0
43.0,2.079441541679836,326.0
2.0,3.4657359027997265,368.0
1.0,3.332204510175204,368.0
10.0,2.6390573296152584,360.0
48.0,2.833213344056216,322.0
9.0,3.688879454113936,360.0
11.0,3.367295829986474,359.0
5.0,3.091042453358316,364.0
14.0,3.1354942159291497,355.0
1.0,2.8903717578961645,368.0
23.0,2.4849066497880004,346.0
41.0,2.4849066497880004,328.0
11.0,3.4657359027997265,358.0
16.0,1.9459101490553128,353.0
40.0,1.6094379124341005,329.0
146.0,1.6094379124341005,223.0
13.0,1.0986122886681098,356.0
13.0,2.19722457733622,356.0
30.0,1.791759469228055,339.0
14.0,1.9459101490553128,355.0
27.0,2.302585092994046,342.0
7.0,2.6390573296152584,362.0
6.0,2.5649493574615367,363.0
2.0,3.044522437723423,366.0
59.0,1.9459101490553128,310.0
19.0,1.0986122886681098,349.0
3.0,2.5649493574615367,366.0
5.0,2.6390573296152584,364.0
19.0,2.079441541679836,350.0
22.0,2.6390573296152584,346.0
5.0,2.833213344056216,363.0
17.0,1.791759469228055,351.0
12.0,3.044522437723423,357.0
55.0,1.0986122886681098,314.0
15.0,2.3978952727983707,354.0
3.0,2.079441541679836,365.0
3.0,3.4011973816621555,366.0
2.0,2.4849066497880004,366.0
16.0,3.1780538303479458,353.0
38.0,2.70805020110221,331.0
34.0,2.079441541679836,335.0
15.0,1.0986122886681098,354.0
16.0,1.3862943611198906,352.0
12.0,2.079441541679836,356.0
2.0,3.784189633918261,367.0
46.0,1.3862943611198906,322.0
17.0,1.0986122886681098,351.0
1.0,3.5263605246161616,368.0
2.0,3.295836866004329,367.0
3.0,2.4849066497880004,366.0
3.0,1.6094379124341005,365.0
29.0,1.9459101490553128,339.0
23.0,2.4849066497880004,346.0
74.0,1.0986122886681098,294.0
37.0,1.3862943611198906,331.0
21.0,2.833213344056216,347.0
30.0,2.833213344056216,338.0
1.0,1.9459101490553128,367.0
19.0,1.9459101490553128,349.0
10.0,3.970291913552122,359.0
20.0,1.0986122886681098,349.0
41.0,2.19722457733622,327.0
2.0,3.218875824868201,366.0
61.0,2.3978952727983707,307.0
127.0,2.19722457733622,241.0
17.0,3.4339872044851463,351.0
15.0,2.19722457733622,353.0
65.0,1.791759469228055,303.0
51.0,2.70805020110221,317.0
3.0,1.6094379124341005,365.0
26.0,1.6094379124341005,342.0
4.0,2.5649493574615367,364.0
23.0,2.079441541679836,345.0
7.0,3.6635616461296463,361.0
2.0,2.995732273553991,366.0
33.0,1.6094379124341005,335.0
8.0,1.6094379124341005,360.0
156.0,2.4849066497880004,212.0
148.0,1.0986122886681098,220.0
11.0,1.6094379124341005,357.0
27.0,2.079441541679836,341.0
17.0,2.833213344056216,351.0
11.0,3.332204510175204,357.0
19.0,2.3978952727983707,349.0
109.0,2.302585092994046,259.0
3.0,2.4849066497880004,365.0
10.0,2.079441541679836,358.0
12.0,3.1354942159291497,355.0
31.0,2.3978952727983707,336.0
3.0,2.6390573296152584,365.0
11.0,1.0986122886681098,356.0
28.0,2.079441541679836,340.0
3.0,3.1354942159291497,365.0
71.0,2.079441541679836,297.0
141.0,1.791759469228055,227.0
60.0,1.3862943611198906,308.0
46.0,2.19722457733622,322.0
8.0,1.9459101490553128,360.0
17.0,2.079441541679836,351.0
4.0,2.3978952727983707,363.0
13.0,1.6094379124341005,355.0
12.0,2.079441541679836,356.0
8.0,2.772588722239781,359.0
100.0,1.3862943611198906,267.0
10.0,2.995732273553991,357.0
5.0,1.791759469228055,363.0
144.0,1.791759469228055,223.0
9.0,2.6390573296152584,359.0
3.0,2.3978952727983707,365.0
45.0,1.791759469228055,323.0
15.0,3.332204510175204,353.0
3.0,2.3978952727983707,364.0
2.0,2.995732273553991,365.0
66.0,1.9459101490553128,301.0
26.0,1.6094379124341005,341.0
39.0,1.6094379124341005,329.0
9.0,2.772588722239781,358.0
2.0,2.772588722239781,365.0
5.0,3.610917912644224,362.0
1.0,2.4849066497880004,366.0
3.0,2.772588722239781,364.0
17.0,1.0986122886681098,350.0
1.0,3.58351893845611,366.0
3.0,1.791759469228055,364.0
17.0,2.8903717578961645,350.0
37.0,1.3862943611198906,330.0
116.0,1.6094379124341005,251.0
17.0,1.6094379124341005,350.0
10.0,2.3978952727983707,357.0
1.0,3.737669618283368,366.0
2.0,2.833213344056216,365.0
4.0,2.833213344056216,362.0
59.0,1.9459101490553128,307.0
21.0,2.6390573296152584,345.0
4.0,1.0986122886681098,363.0
16.0,1.791759469228055,351.0
2.0,2.079441541679836,365.0
2.0,2.19722457733622,364.0
9.0,2.5649493574615367,358.0
11.0,2.70805020110221,355.0
10.0,2.4849066497880004,357.0
57.0,1.3862943611198906,310.0
73.0,2.19722457733622,293.0
3.0,2.833213344056216,364.0
22.0,1.9459101490553128,345.0
18.0,2.302585092994046,349.0
2.0,2.6390573296152584,364.0
29.0,1.6094379124341005,337.0
3.0,3.332204510175204,364.0
9.0,3.367295829986474,357.0
3.0,3.295836866004329,363.0
5.0,2.3978952727983707,362.0
1.0,3.332204510175204,365.0
2.0,3.367295829986474,364.0
32.0,1.6094379124341005,335.0
8.0,2.4849066497880004,358.0
16.0,2.302585092994046,350.0
3.0,2.302585092994046,364.0
30.0,2.6390573296152584,337.0
59.0,2.302585092994046,308.0
4.0,3.688879454113936,363.0
2.0,2.9444389791664403,364.0
4.0,3.1354942159291497,362.0
56.0,1.791759469228055,310.0
2.0,3.4011973816621555,364.0
15.0,2.70805020110221,351.0
73.0,1.6094379124341005,293.0
5.0,2.3978952727983707,361.0
1.0,3.218875824868201,365.0
19.0,3.091042453358316,348.0
23.0,2.5649493574615367,343.0
25.0,1.3862943611198906,342.0
3.0,2.3978952727983707,363.0
96.0,1.9459101490553128,270.0
18.0,1.6094379124341005,348.0
157.0,1.3862943611198906,209.0
1.0,3.295836866004329,365.0
16.0,2.3978952727983707,350.0
71.0,1.791759469228055,295.0
60.0,1.3862943611198906,306.0
40.0,2.4849066497880004,326.0
22.0,2.3978952727983707,344.0
163.0,2.70805020110221,203.0
25.0,1.6094379124341005,341.0
2.0,3.218875824868201,364.0
52.0,1.791759469228055,313.0
8.0,2.9444389791664403,358.0
25.0,1.3862943611198906,341.0
4.0,2.079441541679836,362.0
4.0,2.079441541679836,362.0
2.0,2.70805020110221,364.0
151.0,1.3862943611198906,215.0
33.0,1.9459101490553128,333.0
16.0,3.58351893845611,350.0
121.0,2.70805020110221,245.0
9.0,1.3862943611198906,356.0
72.0,2.19722457733622,294.0
9.0,1.6094379124341005,356.0
11.0,2.6390573296152584,355.0
1.0,1.6094379124341005,365.0
9.0,2.70805020110221,357.0
108.0,1.3862943611198906,258.0
143.0,1.3862943611198906,222.0
37.0,1.0986122886681098,329.0
9.0,2.833213344056216,357.0
27.0,1.9459101490553128,339.0
88.0,2.079441541679836,277.0
18.0,2.19722457733622,348.0
16.0,1.0986122886681098,350.0
9.0,2.8903717578961645,357.0
8.0,2.833213344056216,357.0
11.0,2.19722457733622,355.0
9.0,2.302585092994046,357.0
9.0,2.70805020110221,357.0
8.0,2.302585092994046,357.0
131.0,1.3862943611198906,234.0
25.0,2.5649493574615367,340.0
2.0,2.5649493574615367,363.0
5.0,3.4011973816621555,360.0
23.0,2.4849066497880004,342.0
32.0,2.079441541679836,334.0
2.0,3.1780538303479458,364.0
4.0,3.044522437723423,361.0
9.0,3.4011973816621555,356.0
10.0,2.6390573296152584,355.0
12.0,1.6094379124341005,353.0
9.0,1.6094379124341005,356.0
16.0,1.0986122886681098,349.0
1.0,2.19722457733622,364.0
8.0,1.791759469228055,357.0
96.0,1.6094379124341005,269.0
33.0,1.0986122886681098,332.0
66.0,1.791759469228055,299.0
4.0,3.4657359027997265,361.0
1.0,3.332204510175204,363.0
11.0,1.6094379124341005,354.0
30.0,1.9459101490553128,335.0
7.0,2.833213344056216,358.0
39.0,1.791759469228055,326.0
43.0,1.791759469228055,322.0
37.0,1.6094379124341005,328.0
4.0,2.5649493574615367,361.0
17.0,2.3978952727983707,348.0
16.0,1.9459101490553128,349.0
107.0,1.6094379124341005,257.0
21.0,1.791759469228055,344.0
94.0,1.0986122886681098,270.0
9.0,2.3978952727983707,355.0
2.0,2.302585092994046,363.0
120.0,1.3862943611198906,245.0
1.0,2.3978952727983707,364.0
9.0,1.9459101490553128,356.0
29.0,2.3978952727983707,335.0
72.0,1.6094379124341005,293.0
3.0,2.19722457733622,362.0
17.0,2.302585092994046,348.0
39.0,2.302585092994046,326.0
17.0,1.9459101490553128,348.0
50.0,2.4849066497880004,315.0
35.0,1.791759469228055,329.0
60.0,1.0986122886681098,304.0
101.0,2.302585092994046,264.0
29.0,1.791759469228055,336.0
8.0,3.1354942159291497,357.0
9.0,2.5649493574615367,355.0
1.0,2.9444389791664403,364.0
4.0,2.772588722239781,360.0
7.0,3.044522437723423,357.0
23.0,3.044522437723423,341.0
38.0,2.70805020110221,326.0
36.0,1.3862943611198906,328.0
5.0,1.791759469228055,359.0
9.0,2.4849066497880004,355.0
107.0,1.3862943611198906,258.0
27.0,2.70805020110221,338.0
24.0,2.70805020110221,341.0
11.0,1.9459101490553128,354.0
22.0,3.091042453358316,342.0
176.0,1.0986122886681098,188.0
10.0,1.6094379124341005,355.0
68.0,2.19722457733622,296.0
2.0,2.3978952727983707,362.0
114.0,1.9459101490553128,250.0
6.0,2.772588722239781,358.0
29.0,2.8903717578961645,335.0
3.0,2.995732273553991,361.0
52.0,2.19722457733622,312.0
12.0,2.6390573296152584,352.0
76.0,1.0986122886681098,288.0
31.0,3.332204510175204,333.0
24.0,2.70805020110221,339.0
5.0,2.3978952727983707,359.0
10.0,2.5649493574615367,354.0
18.0,2.079441541679836,345.0
32.0,1.791759469228055,331.0
9.0,1.0986122886681098,354.0
12.0,3.295836866004329,350.0
13.0,1.6094379124341005,350.0
13.0,1.9459101490553128,350.0
41.0,2.19722457733622,321.0
37.0,1.0986122886681098,325.0
45.0,1.3862943611198906,317.0
123.0,1.9459101490553128,239.0
3.0,3.4011973816621555,359.0
26.0,1.791759469228055,336.0
11.0,2.302585092994046,351.0
7.0,2.70805020110221,354.0
37.0,1.9459101490553128,325.0
79.0,1.3862943611198906,283.0
19.0,3.1354942159291497,342.0
9.0,2.079441541679836,353.0
4.0,1.6094379124341005,358.0
6.0,1.3862943611198906,356.0
17.0,2.4849066497880004,344.0
154.0,1.9459101490553128,207.0
10.0,2.19722457733622,351.0
20.0,2.995732273553991,342.0
3.0,2.19722457733622,358.0
120.0,1.0986122886681098,241.0
11.0,1.9459101490553128,350.0
30.0,2.4849066497880004,331.0
10.0,2.772588722239781,351.0
43.0,1.791759469228055,319.0
4.0,2.5649493574615367,357.0
9.0,2.9444389791664403,352.0
24.0,1.0986122886681098,337.0
17.0,2.3978952727983707,344.0
12.0,2.70805020110221,349.0
22.0,2.4849066497880004,339.0
96.0,1.9459101490553128,265.0
26.0,1.791759469228055,335.0
52.0,2.19722457733622,309.0
4.0,2.995732273553991,357.0
178.0,1.3862943611198906,183.0
1.0,3.044522437723423,359.0
8.0,2.302585092994046,352.0
17.0,1.3862943611198906,343.0
166.0,1.0986122886681098,194.0
2.0,3.555348061489413,359.0
10.0,1.3862943611198906,350.0
9.0,2.6390573296152584,352.0
32.0,2.5649493574615367,328.0
2.0,1.3862943611198906,359.0
23.0,2.70805020110221,337.0
35.0,1.791759469228055,325.0
9.0,2.772588722239781,351.0
32.0,2.302585092994046,329.0
85.0,1.6094379124341005,276.0
11.0,2.5649493574615367,349.0
27.0,1.6094379124341005,333.0
3.0,2.9444389791664403,357.0
101.0,1.0986122886681098,259.0
24.0,2.9444389791664403,336.0
3.0,1.6094379124341005,357.0
26.0,2.4849066497880004,334.0
4.0,2.4849066497880004,356.0
3.0,3.258096538021482,357.0
51.0,1.6094379124341005,309.0
32.0,1.3862943611198906,328.0
1.0,2.9444389791664403,359.0
8.0,1.9459101490553128,352.0
22.0,2.079441541679836,338.0
4.0,2.9444389791664403,356.0
67.0,2.079441541679836,293.0
174.0,1.0986122886681098,186.0
107.0,1.791759469228055,253.0
12.0,2.19722457733622,348.0
11.0,1.791759469228055,349.0
33.0,2.70805020110221,327.0
26.0,2.3978952727983707,334.0
5.0,1.791759469228055,355.0
25.0,1.6094379124341005,335.0
4.0,2.70805020110221,355.0
9.0,2.9444389791664403,351.0
6.0,2.302585092994046,354.0
36.0,1.0986122886681098,324.0
11.0,1.3862943611198906,349.0
89.0,1.6094379124341005,270.0
1.0,2.302585092994046,358.0
2.0,2.19722457733622,357.0
26.0,1.3862943611198906,333.0
2.0,1.791759469228055,357.0
156.0,1.0986122886681098,203.0
7.0,3.1354942159291497,352.0
19.0,2.833213344056216,340.0
30.0,1.791759469228055,329.0
71.0,1.9459101490553128,288.0
1.0,2.5649493574615367,358.0
86.0,1.3862943611198906,273.0
60.0,2.302585092994046,299.0
127.0,1.791759469228055,232.0
3.0,1.0986122886681098,356.0
22.0,1.3862943611198906,337.0
36.0,1.6094379124341005,323.0
105.0,1.6094379124341005,253.0
90.0,1.3862943611198906,269.0
60.0,2.079441541679836,298.0
71.0,1.6094379124341005,288.0
35.0,1.791759469228055,323.0
17.0,2.079441541679836,342.0
166.0,1.3862943611198906,193.0
5.0,3.091042453358316,354.0
10.0,3.332204510175204,348.0
35.0,1.6094379124341005,323.0
31.0,1.9459101490553128,327.0
11.0,2.995732273553991,347.0
51.0,1.0986122886681098,308.0
106.0,1.0986122886681098,253.0
18.0,2.833213344056216,341.0
64.0,2.302585092994046,294.0
1.0,2.70805020110221,357.0
1.0,2.4849066497880004,358.0
30.0,2.302585092994046,328.0
16.0,2.833213344056216,343.0
53.0,1.9459101490553128,305.0
17.0,2.8903717578961645,341.0
17.0,2.4849066497880004,341.0
52.0,1.791759469228055,307.0
92.0,2.19722457733622,267.0
9.0,2.079441541679836,349.0
5.0,2.995732273553991,354.0
13.0,2.302585092994046,345.0
29.0,2.19722457733622,329.0
106.0,1.3862943611198906,253.0
4.0,2.5649493574615367,354.0
10.0,1.6094379124341005,348.0
1.0,1.9459101490553128,357.0
169.0,2.19722457733622,189.0
8.0,2.3978952727983707,350.0
9.0,2.079441541679836,349.0
15.0,2.70805020110221,343.0
4.0,1.791759469228055,354.0
4.0,2.079441541679836,354.0
64.0,2.5649493574615367,293.0
50.0,1.9459101490553128,308.0
21.0,1.3862943611198906,337.0
2.0,3.784189633918261,355.0
75.0,1.0986122886681098,282.0
4.0,3.555348061489413,354.0
3.0,1.9459101490553128,355.0
2.0,3.332204510175204,356.0
25.0,1.9459101490553128,332.0
103.0,1.6094379124341005,254.0
17.0,2.302585092994046,341.0
22.0,2.995732273553991,336.0
170.0,1.3862943611198906,187.0
9.0,1.791759469228055,349.0
173.0,2.19722457733622,185.0
81.0,2.302585092994046,276.0
75.0,1.6094379124341005,282.0
12.0,3.1354942159291497,346.0
7.0,3.218875824868201,350.0
59.0,2.079441541679836,298.0
5.0,1.9459101490553128,352.0
3.0,2.3978952727983707,354.0
3.0,2.5649493574615367,354.0
1.0,3.784189633918261,356.0
3.0,1.791759469228055,354.0
28.0,2.079441541679836,329.0
19.0,2.3978952727983707,338.0
51.0,2.079441541679836,306.0
154.0,1.791759469228055,203.0
28.0,1.9459101490553128,329.0
123.0,1.6094379124341005,233.0
9.0,1.9459101490553128,348.0
15.0,1.3862943611198906,341.0
59.0,1.0986122886681098,296.0
7.0,1.9459101490553128,348.0
104.0,2.19722457733622,251.0
47.0,2.302585092994046,307.0
7.0,2.19722457733622,347.0
50.0,1.791759469228055,305.0
36.0,1.0986122886681098,319.0
75.0,1.791759469228055,279.0
16.0,2.5649493574615367,338.0
4.0,2.19722457733622,351.0
3.0,1.9459101490553128,351.0
169.0,2.302585092994046,185.0
21.0,1.6094379124341005,333.0
4.0,2.19722457733622,349.0
19.0,2.3978952727983707,335.0
8.0,2.079441541679836,346.0
16.0,2.4849066497880004,338.0
1.0,2.302585092994046,352.0
42.0,2.6390573296152584,311.0
1.0,1.9459101490553128,352.0
4.0,1.3862943611198906,349.0
31.0,1.3862943611198906,322.0
58.0,1.3862943611198906,295.0
126.0,1.791759469228055,226.0
4.0,1.9459101490553128,349.0
7.0,2.079441541679836,345.0
25.0,2.302585092994046,328.0
30.0,2.70805020110221,322.0
50.0,1.6094379124341005,301.0
29.0,1.0986122886681098,322.0
46.0,1.0986122886681098,305.0
22.0,1.791759469228055,317.0
64.0,2.302585092994046,275.0
4.0,2.5649493574615367,335.0
64.0,2.772588722239781,275.0
73.0,1.9459101490553128,266.0
1.0,1.791759469228055,337.0
17.0,2.6390573296152584,322.0
69.0,1.3862943611198906,270.0
127.0,1.791759469228055,212.0
8.0,2.3978952727983707,330.0
42.0,2.3978952727983707,296.0
19.0,1.791759469228055,319.0
157.0,1.0986122886681098,182.0
21.0,1.6094379124341005,317.0
64.0,1.9459101490553128,274.0
143.0,1.6094379124341005,195.0
23.0,2.4849066497880004,315.0
4.0,1.9459101490553128,334.0
1.0,2.079441541679836,337.0
33.0,1.791759469228055,304.0
109.0,1.6094379124341005,228.0
9.0,2.833213344056216,329.0
126.0,2.3978952727983707,212.0
39.0,2.70805020110221,299.0
23.0,2.302585092994046,314.0
9.0,2.3978952727983707,328.0
33.0,2.70805020110221,304.0
36.0,2.302585092994046,301.0
34.0,1.791759469228055,303.0
4.0,2.833213344056216,333.0
71.0,1.3862943611198906,266.0
165.0,1.0986122886681098,172.0
67.0,1.791759469228055,270.0
47.0,1.9459101490553128,290.0
122.0,1.3862943611198906,214.0
18.0,2.3978952727983707,319.0
12.0,1.9459101490553128,325.0
60.0,1.791759469228055,277.0
96.0,1.3862943611198906,240.0
165.0,1.6094379124341005,171.0
4.0,3.091042453358316,332.0
33.0,2.19722457733622,303.0
9.0,1.9459101490553128,327.0
60.0,2.079441541679836,276.0
74.0,1.0986122886681098,261.0
28.0,1.6094379124341005,307.0
108.0,1.9459101490553128,227.0
122.0,1.791759469228055,212.0
8.0,2.302585092994046,326.0
22.0,1.9459101490553128,312.0
10.0,2.772588722239781,325.0
6.0,2.3978952727983707,329.0
41.0,2.4849066497880004,293.0
6.0,2.772588722239781,328.0
59.0,1.0986122886681098,276.0
20.0,1.0986122886681098,314.0
79.0,2.079441541679836,255.0
1.0,1.6094379124341005,333.0
37.0,2.302585092994046,296.0
18.0,1.791759469228055,316.0
10.0,2.5649493574615367,324.0
10.0,2.3978952727983707,324.0
19.0,1.0986122886681098,315.0
76.0,1.3862943611198906,258.0
26.0,1.9459101490553128,308.0
3.0,2.302585092994046,331.0
22.0,1.791759469228055,311.0
23.0,2.6390573296152584,310.0
59.0,2.079441541679836,274.0
21.0,1.6094379124341005,312.0
9.0,2.19722457733622,324.0
4.0,3.951243718581428,329.0
11.0,1.791759469228055,322.0
52.0,1.791759469228055,281.0
44.0,1.791759469228055,289.0
50.0,1.9459101490553128,283.0
26.0,1.6094379124341005,307.0
59.0,2.5649493574615367,274.0
61.0,1.3862943611198906,272.0
72.0,1.6094379124341005,260.0
113.0,1.0986122886681098,219.0
41.0,2.19722457733622,291.0
128.0,1.9459101490553128,204.0
13.0,2.19722457733622,320.0
1.0,3.9889840465642745,331.0
64.0,2.6390573296152584,268.0
11.0,2.079441541679836,321.0
104.0,1.791759469228055,228.0
71.0,1.6094379124341005,261.0
10.0,2.4849066497880004,322.0
5.0,1.6094379124341005,327.0
18.0,2.3978952727983707,314.0
29.0,2.19722457733622,303.0
41.0,1.9459101490553128,291.0
2.0,2.6390573296152584,330.0
18.0,1.9459101490553128,314.0
7.0,2.5649493574615367,324.0
3.0,2.079441541679836,328.0
8.0,1.9459101490553128,323.0
90.0,2.833213344056216,241.0
19.0,2.3978952727983707,312.0
25.0,1.6094379124341005,306.0
2.0,2.995732273553991,329.0
41.0,2.772588722239781,290.0
61.0,1.3862943611198906,270.0
39.0,1.6094379124341005,291.0
115.0,1.9459101490553128,215.0
1.0,2.5649493574615367,330.0
5.0,1.9459101490553128,326.0
9.0,2.19722457733622,322.0
44.0,1.6094379124341005,286.0
32.0,2.5649493574615367,298.0
72.0,1.791759469228055,258.0
61.0,1.791759469228055,270.0
24.0,1.6094379124341005,306.0
18.0,2.079441541679836,312.0
9.0,2.4849066497880004,321.0
73.0,1.9459101490553128,257.0
5.0,2.3978952727983707,324.0
75.0,1.0986122886681098,254.0
8.0,2.70805020110221,321.0
51.0,2.079441541679836,278.0
5.0,2.4849066497880004,324.0
9.0,2.70805020110221,320.0
55.0,1.6094379124341005,272.0
13.0,1.9459101490553128,315.0
88.0,1.791759469228055,239.0
51.0,1.3862943611198906,277.0
26.0,2.3978952727983707,300.0
13.0,1.6094379124341005,314.0
14.0,1.791759469228055,312.0
26.0,2.079441541679836,301.0
33.0,1.791759469228055,293.0
43.0,2.8903717578961645,284.0
59.0,1.3862943611198906,268.0
41.0,1.9459101490553128,286.0
88.0,1.6094379124341005,238.0
23.0,2.6390573296152584,303.0
57.0,2.19722457733622,269.0
16.0,1.9459101490553128,311.0
34.0,2.19722457733622,293.0
33.0,2.5649493574615367,293.0
5.0,1.0986122886681098,321.0
44.0,2.3978952727983707,282.0
12.0,2.19722457733622,314.0
3.0,1.6094379124341005,323.0
4.0,2.772588722239781,322.0
74.0,1.9459101490553128,252.0
3.0,2.772588722239781,323.0
18.0,1.791759469228055,308.0
8.0,2.70805020110221,318.0
1.0,2.302585092994046,325.0
41.0,1.0986122886681098,285.0
23.0,1.3862943611198906,302.0
139.0,1.3862943611198906,187.0
82.0,1.3862943611198906,243.0
143.0,1.0986122886681098,182.0
1.0,3.58351893845611,323.0
7.0,2.079441541679836,317.0
11.0,1.9459101490553128,313.0
96.0,1.3862943611198906,229.0
57.0,2.4849066497880004,267.0
58.0,1.6094379124341005,265.0
9.0,1.9459101490553128,315.0
71.0,1.791759469228055,253.0
2.0,2.19722457733622,321.0
3.0,2.3978952727983707,320.0
17.0,1.3862943611198906,307.0
26.0,1.0986122886681098,297.0
112.0,1.791759469228055,211.0
67.0,2.3978952727983707,256.0
42.0,1.0986122886681098,281.0
72.0,2.079441541679836,251.0
1.0,2.079441541679836,321.0
57.0,1.0986122886681098,266.0
23.0,2.70805020110221,300.0
8.0,3.218875824868201,314.0
38.0,2.4849066497880004,285.0
31.0,1.9459101490553128,291.0
10.0,2.70805020110221,312.0
137.0,1.791759469228055,185.0
7.0,1.6094379124341005,315.0
1.0,2.8903717578961645,320.0
13.0,2.5649493574615367,308.0
23.0,1.791759469228055,297.0
2.0,2.19722457733622,318.0
17.0,2.70805020110221,303.0
1.0,2.079441541679836,318.0
11.0,2.302585092994046,309.0
18.0,1.3862943611198906,302.0
64.0,1.3862943611198906,255.0
3.0,2.302585092994046,316.0
10.0,1.9459101490553128,309.0
63.0,1.6094379124341005,256.0
16.0,1.791759469228055,303.0
121.0,1.9459101490553128,198.0
22.0,1.6094379124341005,297.0
2.0,2.19722457733622,317.0
52.0,1.6094379124341005,267.0
59.0,2.19722457733622,260.0
16.0,1.791759469228055,303.0
72.0,1.791759469228055,246.0
95.0,1.6094379124341005,224.0
51.0,1.9459101490553128,267.0
11.0,2.4849066497880004,308.0
24.0,2.079441541679836,294.0
3.0,3.258096538021482,316.0
23.0,1.0986122886681098,295.0
79.0,1.791759469228055,240.0
22.0,1.791759469228055,296.0
70.0,2.302585092994046,248.0
9.0,1.791759469228055,309.0
66.0,1.3862943611198906,251.0
52.0,2.3978952727983707,266.0
45.0,2.302585092994046,273.0
36.0,1.791759469228055,281.0
31.0,1.6094379124341005,286.0
33.0,1.0986122886681098,285.0
78.0,1.3862943611198906,240.0
4.0,3.8501476017100575,314.0
64.0,1.0986122886681098,253.0
74.0,1.3862943611198906,243.0
17.0,1.9459101490553128,301.0
38.0,1.6094379124341005,280.0
107.0,1.791759469228055,210.0
44.0,1.791759469228055,273.0
18.0,1.791759469228055,299.0
1.0,3.737669618283368,316.0
79.0,2.079441541679836,238.0
85.0,1.0986122886681098,231.0
36.0,1.791759469228055,281.0
152.0,1.0986122886681098,165.0
37.0,1.791759469228055,280.0
22.0,2.079441541679836,294.0
45.0,1.9459101490553128,272.0
50.0,2.079441541679836,267.0
67.0,1.3862943611198906,250.0
2.0,1.791759469228055,315.0
9.0,1.6094379124341005,308.0
78.0,1.0986122886681098,238.0
1.0,2.19722457733622,315.0
4.0,2.079441541679836,312.0
68.0,1.6094379124341005,248.0
11.0,2.5649493574615367,305.0
34.0,1.791759469228055,282.0
143.0,1.3862943611198906,173.0
31.0,2.4849066497880004,285.0
39.0,2.302585092994046,276.0
9.0,1.3862943611198906,307.0
43.0,2.6390573296152584,272.0
30.0,1.791759469228055,286.0
77.0,1.6094379124341005,239.0
22.0,2.19722457733622,293.0
29.0,1.6094379124341005,287.0
56.0,1.9459101490553128,259.0
93.0,1.3862943611198906,223.0
66.0,2.833213344056216,249.0
108.0,2.302585092994046,208.0
43.0,2.079441541679836,272.0
114.0,1.791759469228055,201.0
130.0,1.791759469228055,186.0
2.0,3.367295829986474,313.0
9.0,2.5649493574615367,306.0
85.0,1.9459101490553128,230.0
26.0,2.302585092994046,289.0
4.0,2.8903717578961645,311.0
14.0,1.0986122886681098,300.0
15.0,1.6094379124341005,298.0
69.0,1.0986122886681098,245.0
20.0,1.9459101490553128,293.0
16.0,1.9459101490553128,296.0
20.0,2.70805020110221,293.0
9.0,2.19722457733622,303.0
25.0,2.4849066497880004,287.0
40.0,1.6094379124341005,272.0
18.0,1.6094379124341005,295.0
8.0,2.9444389791664403,304.0
51.0,2.6390573296152584,261.0
13.0,2.3978952727983707,299.0
20.0,2.079441541679836,292.0
116.0,1.3862943611198906,196.0
25.0,2.4849066497880004,286.0
23.0,1.9459101490553128,289.0
4.0,3.1354942159291497,308.0
33.0,1.6094379124341005,278.0
23.0,2.302585092994046,288.0
59.0,1.6094379124341005,252.0
23.0,1.6094379124341005,288.0
87.0,2.9444389791664403,225.0
29.0,1.3862943611198906,282.0
122.0,1.0986122886681098,189.0
113.0,2.079441541679836,199.0
26.0,1.9459101490553128,285.0
52.0,1.791759469228055,259.0
17.0,1.9459101490553128,294.0
25.0,2.19722457733622,286.0
45.0,1.3862943611198906,266.0
71.0,1.0986122886681098,240.0
31.0,2.19722457733622,279.0
25.0,1.9459101490553128,286.0
18.0,2.5649493574615367,293.0
61.0,2.079441541679836,250.0
95.0,1.791759469228055,215.0
110.0,1.6094379124341005,200.0
9.0,2.6390573296152584,302.0
37.0,1.9459101490553128,273.0
123.0,1.3862943611198906,187.0
22.0,1.791759469228055,288.0
33.0,1.791759469228055,277.0
16.0,2.302585092994046,294.0
9.0,2.3978952727983707,301.0
59.0,1.6094379124341005,251.0
53.0,1.3862943611198906,257.0
31.0,1.3862943611198906,278.0
11.0,1.9459101490553128,299.0
9.0,2.70805020110221,301.0
120.0,1.6094379124341005,190.0
2.0,2.3978952727983707,308.0
96.0,1.791759469228055,214.0
27.0,1.6094379124341005,283.0
44.0,1.6094379124341005,265.0
10.0,2.19722457733622,299.0
10.0,1.3862943611198906,299.0
86.0,1.6094379124341005,223.0
93.0,1.3862943611198906,216.0
59.0,2.079441541679836,250.0
23.0,2.70805020110221,286.0
9.0,1.791759469228055,300.0
11.0,1.791759469228055,297.0
127.0,1.0986122886681098,181.0
11.0,2.302585092994046,298.0
50.0,2.4849066497880004,258.0
7.0,1.791759469228055,301.0
70.0,1.0986122886681098,238.0
59.0,1.6094379124341005,249.0
57.0,2.302585092994046,251.0
5.0,3.49650756146648,303.0
35.0,2.19722457733622,272.0
25.0,1.6094379124341005,280.0
15.0,1.9459101490553128,290.0
23.0,2.8903717578961645,282.0
82.0,1.3862943611198906,223.0
29.0,2.4849066497880004,276.0
97.0,1.791759469228055,208.0
151.0,1.3862943611198906,154.0
28.0,2.19722457733622,277.0
72.0,1.9459101490553128,233.0
36.0,1.9459101490553128,268.0
29.0,2.079441541679836,275.0
4.0,3.1354942159291497,300.0
123.0,1.6094379124341005,180.0
109.0,1.3862943611198906,194.0
11.0,2.079441541679836,291.0
30.0,1.0986122886681098,273.0
2.0,1.6094379124341005,300.0
7.0,2.079441541679836,295.0
36.0,1.9459101490553128,267.0
93.0,1.791759469228055,209.0
92.0,2.079441541679836,210.0
64.0,1.6094379124341005,238.0
1.0,2.3978952727983707,301.0
57.0,1.0986122886681098,244.0
30.0,2.3978952727983707,271.0
128.0,1.3862943611198906,174.0
3.0,2.3978952727983707,298.0
29.0,2.4849066497880004,272.0
4.0,1.6094379124341005,297.0
31.0,2.19722457733622,269.0
54.0,1.791759469228055,247.0
18.0,1.6094379124341005,282.0
29.0,2.079441541679836,270.0
8.0,1.791759469228055,291.0
41.0,1.0986122886681098,258.0
66.0,1.791759469228055,232.0
134.0,1.6094379124341005,164.0
51.0,1.3862943611198906,248.0
21.0,2.079441541679836,277.0
32.0,2.079441541679836,266.0
49.0,1.791759469228055,248.0
9.0,1.6094379124341005,289.0
23.0,1.6094379124341005,275.0
50.0,1.6094379124341005,248.0
4.0,2.19722457733622,294.0
85.0,1.9459101490553128,212.0
53.0,2.3978952727983707,244.0
15.0,1.791759469228055,283.0
29.0,1.791759469228055,268.0
31.0,2.079441541679836,266.0
121.0,1.0986122886681098,176.0
85.0,1.791759469228055,212.0
120.0,1.3862943611198906,177.0
20.0,1.791759469228055,277.0
8.0,1.6094379124341005,289.0
79.0,2.079441541679836,218.0
73.0,1.9459101490553128,223.0
26.0,1.9459101490553128,270.0
29.0,1.6094379124341005,267.0
134.0,1.3862943611198906,162.0
36.0,2.4849066497880004,260.0
72.0,1.3862943611198906,224.0
59.0,1.791759469228055,237.0
16.0,2.3978952727983707,279.0
44.0,1.791759469228055,252.0
39.0,2.5649493574615367,256.0
3.0,2.6390573296152584,292.0
16.0,3.4011973816621555,279.0
15.0,2.19722457733622,280.0
45.0,1.0986122886681098,250.0
11.0,1.791759469228055,284.0
10.0,2.19722457733622,285.0
30.0,2.19722457733622,265.0
44.0,1.0986122886681098,251.0
53.0,2.6390573296152584,241.0
108.0,1.3862943611198906,186.0
66.0,1.791759469228055,228.0
9.0,2.4849066497880004,285.0
72.0,1.6094379124341005,222.0
105.0,1.6094379124341005,189.0
9.0,1.791759469228055,285.0
37.0,1.0986122886681098,257.0
1.0,2.19722457733622,293.0
117.0,1.0986122886681098,177.0
15.0,3.258096538021482,279.0
15.0,1.9459101490553128,277.0
34.0,2.079441541679836,258.0
10.0,2.19722457733622,282.0
104.0,1.6094379124341005,188.0
95.0,1.0986122886681098,197.0
15.0,2.302585092994046,277.0
82.0,2.079441541679836,210.0
50.0,2.4849066497880004,241.0
49.0,1.3862943611198906,242.0
75.0,1.6094379124341005,216.0
49.0,1.6094379124341005,242.0
38.0,2.19722457733622,253.0
38.0,1.9459101490553128,253.0
9.0,2.079441541679836,282.0
67.0,1.0986122886681098,224.0
36.0,1.6094379124341005,255.0
2.0,1.0986122886681098,289.0
122.0,1.9459101490553128,169.0
80.0,1.3862943611198906,210.0
73.0,1.6094379124341005,217.0
36.0,1.9459101490553128,254.0
15.0,1.6094379124341005,275.0
120.0,1.6094379124341005,170.0
74.0,1.6094379124341005,216.0
40.0,1.3862943611198906,249.0
23.0,1.6094379124341005,266.0
15.0,2.5649493574615367,275.0
135.0,1.0986122886681098,155.0
31.0,2.079441541679836,259.0
88.0,1.791759469228055,201.0
50.0,2.302585092994046,239.0
11.0,1.0986122886681098,279.0
58.0,1.6094379124341005,231.0
52.0,1.3862943611198906,237.0
9.0,1.9459101490553128,280.0
45.0,1.0986122886681098,244.0
9.0,2.4849066497880004,280.0
14.0,1.6094379124341005,274.0
4.0,2.4849066497880004,285.0
43.0,2.079441541679836,245.0
16.0,2.772588722239781,273.0
20.0,2.079441541679836,269.0
39.0,2.19722457733622,249.0
2.0,1.3862943611198906,287.0
30.0,2.19722457733622,258.0
77.0,1.3862943611198906,211.0
50.0,1.0986122886681098,238.0
38.0,1.0986122886681098,249.0
96.0,1.3862943611198906,192.0
59.0,1.791759469228055,229.0
2.0,2.3978952727983707,285.0
16.0,1.6094379124341005,271.0
4.0,2.995732273553991,283.0
9.0,1.791759469228055,278.0
3.0,1.791759469228055,284.0
12.0,1.0986122886681098,275.0
78.0,1.6094379124341005,209.0
37.0,2.079441541679836,250.0
60.0,1.3862943611198906,227.0
66.0,1.0986122886681098,221.0
26.0,2.302585092994046,261.0
44.0,1.0986122886681098,243.0
1.0,1.3862943611198906,284.0
9.0,2.4849066497880004,276.0
15.0,1.791759469228055,270.0
5.0,2.4849066497880004,280.0
20.0,1.3862943611198906,265.0
37.0,1.9459101490553128,248.0
12.0,2.302585092994046,273.0
113.0,1.9459101490553128,172.0
21.0,1.791759469228055,263.0
4.0,2.3978952727983707,280.0
71.0,1.0986122886681098,213.0
10.0,2.302585092994046,275.0
26.0,2.772588722239781,258.0
15.0,1.9459101490553128,269.0
68.0,1.0986122886681098,216.0
9.0,2.079441541679836,275.0
63.0,2.302585092994046,220.0
32.0,2.8903717578961645,252.0
39.0,1.0986122886681098,245.0
1.0,3.4011973816621555,282.0
45.0,1.6094379124341005,238.0
61.0,1.3862943611198906,222.0
51.0,1.3862943611198906,232.0
26.0,2.5649493574615367,257.0
9.0,1.9459101490553128,274.0
9.0,1.791759469228055,274.0
67.0,2.302585092994046,216.0
24.0,1.6094379124341005,259.0
52.0,2.302585092994046,231.0
19.0,1.3862943611198906,264.0
7.0,1.9459101490553128,276.0
53.0,1.791759469228055,229.0
65.0,1.791759469228055,218.0
3.0,2.8903717578961645,280.0
120.0,1.6094379124341005,162.0
73.0,1.3862943611198906,209.0
78.0,1.3862943611198906,204.0
18.0,1.791759469228055,264.0
3.0,2.833213344056216,279.0
74.0,1.0986122886681098,208.0
4.0,1.6094379124341005,277.0
90.0,1.0986122886681098,192.0
19.0,1.791759469228055,262.0
4.0,2.079441541679836,277.0
3.0,1.791759469228055,278.0
85.0,1.791759469228055,197.0
2.0,1.9459101490553128,279.0
5.0,1.3862943611198906,277.0
30.0,2.302585092994046,251.0
25.0,2.9444389791664403,255.0
16.0,1.0986122886681098,264.0
3.0,2.833213344056216,278.0
86.0,1.3862943611198906,195.0
30.0,1.3862943611198906,251.0
52.0,2.079441541679836,229.0
19.0,1.791759469228055,261.0
28.0,1.0986122886681098,252.0
39.0,1.0986122886681098,241.0
22.0,1.0986122886681098,258.0
18.0,1.9459101490553128,261.0
81.0,1.3862943611198906,198.0
4.0,2.9444389791664403,276.0
92.0,1.9459101490553128,186.0
21.0,2.3978952727983707,257.0
26.0,1.3862943611198906,252.0
26.0,1.791759469228055,252.0
47.0,1.6094379124341005,231.0
5.0,2.079441541679836,273.0
33.0,2.079441541679836,245.0
86.0,1.3862943611198906,192.0
60.0,1.3862943611198906,217.0
68.0,1.3862943611198906,209.0
52.0,1.6094379124341005,226.0
45.0,1.791759469228055,232.0
31.0,2.079441541679836,246.0
80.0,1.3862943611198906,197.0
50.0,1.6094379124341005,227.0
8.0,2.19722457733622,268.0
4.0,1.3862943611198906,272.0
81.0,2.3978952727983707,195.0
46.0,1.3862943611198906,230.0
49.0,1.6094379124341005,227.0
45.0,2.079441541679836,231.0
107.0,2.302585092994046,169.0
80.0,1.791759469228055,196.0
117.0,1.0986122886681098,159.0
31.0,2.079441541679836,245.0
1.0,2.19722457733622,275.0
8.0,2.995732273553991,267.0
61.0,1.3862943611198906,215.0
9.0,2.4849066497880004,266.0
2.0,2.3978952727983707,273.0
3.0,1.3862943611198906,272.0
17.0,1.6094379124341005,259.0
24.0,2.079441541679836,252.0
52.0,1.3862943611198906,223.0
3.0,2.4849066497880004,273.0
10.0,1.6094379124341005,265.0
110.0,1.3862943611198906,165.0
94.0,1.0986122886681098,182.0
23.0,2.5649493574615367,253.0
1.0,2.19722457733622,274.0
13.0,1.3862943611198906,262.0
9.0,2.302585092994046,266.0
127.0,1.6094379124341005,148.0
57.0,1.791759469228055,218.0
2.0,2.5649493574615367,273.0
16.0,2.3978952727983707,259.0
18.0,1.9459101490553128,257.0
16.0,1.0986122886681098,258.0
87.0,1.6094379124341005,187.0
78.0,2.19722457733622,196.0
29.0,2.079441541679836,245.0
109.0,1.3862943611198906,165.0
82.0,1.3862943611198906,192.0
74.0,1.0986122886681098,199.0
41.0,1.791759469228055,233.0
99.0,1.0986122886681098,175.0
88.0,1.6094379124341005,185.0
53.0,1.791759469228055,220.0
79.0,1.9459101490553128,194.0
51.0,1.3862943611198906,222.0
43.0,1.9459101490553128,230.0
54.0,2.4849066497880004,219.0
33.0,2.19722457733622,240.0
36.0,1.3862943611198906,237.0
48.0,1.791759469228055,224.0
69.0,1.0986122886681098,203.0
5.0,1.791759469228055,266.0
19.0,2.3978952727983707,252.0
25.0,3.1780538303479458,245.0
22.0,2.079441541679836,248.0
33.0,2.079441541679836,238.0
12.0,1.6094379124341005,258.0
23.0,1.3862943611198906,247.0
18.0,2.079441541679836,252.0
68.0,1.0986122886681098,201.0
22.0,1.3862943611198906,247.0
18.0,2.079441541679836,251.0
17.0,2.4849066497880004,251.0
29.0,2.079441541679836,240.0
4.0,1.791759469228055,264.0
36.0,1.0986122886681098,232.0
65.0,1.3862943611198906,203.0
9.0,1.6094379124341005,259.0
31.0,1.0986122886681098,237.0
75.0,1.0986122886681098,193.0
19.0,1.791759469228055,248.0
72.0,1.0986122886681098,196.0
1.0,2.70805020110221,266.0
78.0,1.3862943611198906,190.0
79.0,1.3862943611198906,188.0
23.0,2.5649493574615367,245.0
17.0,2.079441541679836,250.0
18.0,2.772588722239781,249.0
79.0,1.3862943611198906,188.0
15.0,1.6094379124341005,252.0
2.0,1.9459101490553128,265.0
1.0,1.9459101490553128,266.0
16.0,2.70805020110221,250.0
12.0,2.302585092994046,254.0
4.0,2.6390573296152584,263.0
2.0,3.1780538303479458,264.0
22.0,1.3862943611198906,244.0
65.0,1.3862943611198906,202.0
1.0,3.044522437723423,265.0
38.0,1.3862943611198906,228.0
21.0,2.079441541679836,245.0
64.0,1.6094379124341005,202.0
46.0,1.3862943611198906,220.0
16.0,2.079441541679836,250.0
18.0,1.3862943611198906,248.0
32.0,1.6094379124341005,234.0
31.0,1.0986122886681098,235.0
16.0,2.19722457733622,248.0
4.0,2.302585092994046,261.0
107.0,1.0986122886681098,157.0
46.0,1.791759469228055,218.0
32.0,2.19722457733622,232.0
50.0,1.791759469228055,214.0
46.0,1.6094379124341005,218.0
4.0,2.833213344056216,260.0
36.0,1.6094379124341005,228.0
52.0,2.19722457733622,211.0
66.0,2.302585092994046,198.0
11.0,2.079441541679836,253.0
30.0,1.3862943611198906,234.0
92.0,1.6094379124341005,171.0
40.0,1.791759469228055,223.0
90.0,1.0986122886681098,174.0
87.0,1.0986122886681098,176.0
9.0,1.791759469228055,253.0
18.0,1.791759469228055,244.0
42.0,1.791759469228055,220.0
23.0,1.9459101490553128,239.0
10.0,2.5649493574615367,252.0
66.0,1.0986122886681098,196.0
11.0,1.6094379124341005,250.0
31.0,1.9459101490553128,230.0
119.0,1.6094379124341005,142.0
39.0,1.0986122886681098,222.0
84.0,2.19722457733622,177.0
26.0,1.791759469228055,235.0
9.0,2.079441541679836,252.0
79.0,1.0986122886681098,182.0
92.0,1.3862943611198906,168.0
5.0,1.3862943611198906,256.0
4.0,1.0986122886681098,257.0
38.0,1.791759469228055,223.0
2.0,1.791759469228055,259.0
37.0,1.3862943611198906,223.0
58.0,1.3862943611198906,203.0
4.0,1.0986122886681098,257.0
5.0,1.3862943611198906,255.0
10.0,1.9459101490553128,250.0
1.0,1.9459101490553128,259.0
33.0,2.302585092994046,227.0
64.0,1.791759469228055,196.0
31.0,2.772588722239781,228.0
36.0,1.791759469228055,224.0
16.0,2.19722457733622,243.0
75.0,1.0986122886681098,184.0
86.0,2.079441541679836,173.0
3.0,2.19722457733622,256.0
100.0,1.0986122886681098,158.0
2.0,1.3862943611198906,255.0
18.0,1.6094379124341005,239.0
80.0,1.0986122886681098,176.0
24.0,1.791759469228055,233.0
32.0,2.772588722239781,224.0
54.0,1.0986122886681098,202.0
117.0,1.6094379124341005,139.0
46.0,1.0986122886681098,210.0
65.0,1.0986122886681098,191.0
23.0,1.0986122886681098,232.0
31.0,2.079441541679836,224.0
61.0,1.0986122886681098,195.0
38.0,2.9444389791664403,217.0
115.0,1.3862943611198906,140.0
20.0,2.19722457733622,235.0
32.0,1.3862943611198906,223.0
16.0,2.6390573296152584,239.0
44.0,1.6094379124341005,210.0
36.0,2.6390573296152584,218.0
117.0,1.6094379124341005,138.0
73.0,2.19722457733622,181.0
85.0,1.0986122886681098,169.0
20.0,2.302585092994046,234.0
10.0,1.6094379124341005,244.0
37.0,1.791759469228055,217.0
123.0,1.0986122886681098,131.0
80.0,1.3862943611198906,174.0
96.0,1.0986122886681098,158.0
74.0,1.0986122886681098,180.0
89.0,1.3862943611198906,165.0
99.0,1.791759469228055,155.0
28.0,1.6094379124341005,225.0
17.0,1.6094379124341005,236.0
29.0,1.0986122886681098,225.0
74.0,1.3862943611198906,179.0
13.0,2.5649493574615367,240.0
40.0,2.19722457733622,213.0
16.0,2.6390573296152584,237.0
73.0,1.9459101490553128,180.0
50.0,1.0986122886681098,202.0
50.0,1.0986122886681098,203.0
15.0,2.302585092994046,237.0
100.0,2.3978952727983707,152.0
23.0,1.6094379124341005,229.0
39.0,1.3862943611198906,213.0
31.0,2.3978952727983707,221.0
58.0,1.9459101490553128,193.0
2.0,3.58351893845611,250.0
64.0,1.0986122886681098,188.0
19.0,2.19722457733622,230.0
7.0,1.0986122886681098,242.0
43.0,2.079441541679836,206.0
61.0,1.791759469228055,188.0
57.0,1.6094379124341005,192.0
32.0,1.3862943611198906,217.0
29.0,1.6094379124341005,220.0
61.0,1.6094379124341005,187.0
2.0,1.9459101490553128,247.0
53.0,1.791759469228055,195.0
4.0,2.302585092994046,244.0
82.0,1.6094379124341005,166.0
59.0,1.6094379124341005,189.0
51.0,2.079441541679836,197.0
65.0,1.0986122886681098,182.0
4.0,1.6094379124341005,244.0
15.0,1.0986122886681098,233.0
72.0,1.0986122886681098,175.0
73.0,1.6094379124341005,175.0
113.0,1.3862943611198906,134.0
79.0,2.4849066497880004,168.0
92.0,1.0986122886681098,154.0
3.0,1.791759469228055,244.0
64.0,1.791759469228055,182.0
3.0,2.079441541679836,244.0
17.0,1.3862943611198906,230.0
22.0,1.6094379124341005,225.0
11.0,1.791759469228055,235.0
27.0,1.6094379124341005,219.0
1.0,1.6094379124341005,245.0
89.0,1.791759469228055,157.0
51.0,1.6094379124341005,195.0
107.0,1.0986122886681098,139.0
24.0,1.6094379124341005,222.0
45.0,1.0986122886681098,200.0
17.0,1.6094379124341005,228.0
3.0,1.6094379124341005,242.0
15.0,1.9459101490553128,230.0
111.0,1.3862943611198906,135.0
19.0,1.0986122886681098,226.0
31.0,2.5649493574615367,214.0
44.0,1.791759469228055,201.0
22.0,1.0986122886681098,223.0
32.0,1.3862943611198906,213.0
82.0,1.3862943611198906,163.0
28.0,1.9459101490553128,216.0
13.0,2.079441541679836,230.0
25.0,1.9459101490553128,218.0
24.0,1.791759469228055,219.0
45.0,1.6094379124341005,198.0
17.0,2.19722457733622,225.0
2.0,2.19722457733622,241.0
15.0,2.5649493574615367,228.0
80.0,1.0986122886681098,162.0
51.0,1.0986122886681098,190.0
51.0,1.6094379124341005,190.0
110.0,1.0986122886681098,132.0
26.0,2.19722457733622,216.0
10.0,1.3862943611198906,232.0
10.0,1.6094379124341005,232.0
91.0,1.0986122886681098,151.0
114.0,1.0986122886681098,127.0
23.0,2.19722457733622,218.0
25.0,1.791759469228055,216.0
9.0,2.772588722239781,232.0
14.0,1.791759469228055,227.0
31.0,1.9459101490553128,210.0
95.0,1.791759469228055,146.0
46.0,2.079441541679836,195.0
64.0,1.6094379124341005,177.0
36.0,3.295836866004329,205.0
5.0,1.9459101490553128,236.0
30.0,1.9459101490553128,210.0
15.0,2.19722457733622,225.0
92.0,1.3862943611198906,149.0
40.0,1.0986122886681098,200.0
8.0,2.19722457733622,232.0
73.0,2.079441541679836,167.0
60.0,1.6094379124341005,180.0
94.0,1.0986122886681098,146.0
8.0,2.3978952727983707,231.0
94.0,1.6094379124341005,145.0
18.0,2.19722457733622,222.0
32.0,2.079441541679836,207.0
52.0,1.9459101490553128,188.0
82.0,1.3862943611198906,158.0
1.0,1.791759469228055,238.0
34.0,1.3862943611198906,205.0
53.0,1.791759469228055,186.0
4.0,2.079441541679836,235.0
66.0,1.0986122886681098,173.0
36.0,1.791759469228055,203.0
18.0,1.9459101490553128,220.0
87.0,1.6094379124341005,151.0
85.0,1.0986122886681098,153.0
58.0,2.5649493574615367,180.0
21.0,1.3862943611198906,217.0
115.0,1.6094379124341005,123.0
45.0,1.6094379124341005,193.0
32.0,1.3862943611198906,206.0
31.0,1.9459101490553128,207.0
78.0,1.6094379124341005,158.0
9.0,1.791759469228055,227.0
25.0,1.791759469228055,211.0
9.0,1.9459101490553128,227.0
25.0,1.6094379124341005,210.0
95.0,2.079441541679836,140.0
19.0,1.0986122886681098,216.0
32.0,1.9459101490553128,203.0
100.0,2.19722457733622,135.0
30.0,1.9459101490553128,205.0
10.0,1.791759469228055,225.0
16.0,1.9459101490553128,218.0
25.0,2.19722457733622,209.0
99.0,1.3862943611198906,135.0
15.0,1.791759469228055,219.0
17.0,2.079441541679836,216.0
75.0,1.3862943611198906,158.0
12.0,1.3862943611198906,221.0
54.0,1.3862943611198906,180.0
7.0,1.9459101490553128,226.0
9.0,2.079441541679836,224.0
3.0,2.302585092994046,230.0
24.0,1.0986122886681098,209.0
8.0,1.791759469228055,224.0
10.0,1.9459101490553128,222.0
100.0,1.3862943611198906,132.0
5.0,1.3862943611198906,228.0
17.0,1.0986122886681098,215.0
68.0,2.19722457733622,165.0
11.0,1.3862943611198906,221.0
2.0,1.3862943611198906,230.0
74.0,2.5649493574615367,158.0
29.0,2.19722457733622,203.0
45.0,1.791759469228055,187.0
13.0,2.3978952727983707,215.0
16.0,2.19722457733622,211.0
2.0,1.6094379124341005,225.0
2.0,1.0986122886681098,225.0
52.0,1.3862943611198906,174.0
45.0,1.3862943611198906,181.0
50.0,1.3862943611198906,175.0
32.0,1.791759469228055,193.0
30.0,1.0986122886681098,195.0
107.0,1.3862943611198906,118.0
34.0,1.6094379124341005,191.0
82.0,1.6094379124341005,142.0
40.0,1.3862943611198906,182.0
4.0,1.791759469228055,218.0
2.0,2.70805020110221,218.0
18.0,1.9459101490553128,202.0
25.0,1.3862943611198906,195.0
68.0,1.3862943611198906,151.0
25.0,1.3862943611198906,194.0
41.0,1.791759469228055,179.0
60.0,2.19722457733622,159.0
11.0,1.6094379124341005,208.0
45.0,1.791759469228055,173.0
23.0,2.079441541679836,196.0
19.0,1.0986122886681098,199.0
109.0,1.3862943611198906,110.0
18.0,1.9459101490553128,200.0
54.0,1.9459101490553128,164.0
2.0,1.791759469228055,216.0
31.0,1.3862943611198906,186.0
15.0,1.0986122886681098,203.0
27.0,1.9459101490553128,191.0
45.0,1.6094379124341005,172.0
10.0,2.9444389791664403,208.0
66.0,1.0986122886681098,152.0
9.0,1.3862943611198906,208.0
47.0,1.791759469228055,170.0
72.0,1.3862943611198906,145.0
72.0,1.6094379124341005,145.0
64.0,1.0986122886681098,153.0
33.0,1.3862943611198906,183.0
10.0,1.791759469228055,206.0
12.0,1.791759469228055,203.0
57.0,1.0986122886681098,158.0
15.0,1.9459101490553128,200.0
48.0,1.6094379124341005,167.0
33.0,1.791759469228055,182.0
16.0,1.791759469228055,199.0
25.0,1.6094379124341005,190.0
19.0,1.3862943611198906,195.0
8.0,1.9459101490553128,207.0
8.0,1.791759469228055,206.0
64.0,1.6094379124341005,149.0
70.0,1.9459101490553128,143.0
33.0,1.3862943611198906,180.0
72.0,1.6094379124341005,141.0
41.0,1.3862943611198906,173.0
1.0,3.1780538303479458,212.0
8.0,2.079441541679836,205.0
92.0,1.0986122886681098,121.0
15.0,1.6094379124341005,197.0
4.0,2.19722457733622,209.0
31.0,1.791759469228055,182.0
87.0,1.0986122886681098,125.0
59.0,1.0986122886681098,153.0
1.0,1.0986122886681098,211.0
47.0,1.3862943611198906,165.0
15.0,1.6094379124341005,197.0
2.0,2.9444389791664403,210.0
19.0,1.0986122886681098,193.0
5.0,1.6094379124341005,207.0
19.0,2.079441541679836,193.0
71.0,1.3862943611198906,140.0
57.0,1.0986122886681098,154.0
23.0,1.6094379124341005,188.0
64.0,2.079441541679836,147.0
29.0,1.3862943611198906,182.0
22.0,1.9459101490553128,189.0
9.0,1.3862943611198906,202.0
11.0,1.3862943611198906,200.0
51.0,1.0986122886681098,160.0
67.0,1.0986122886681098,143.0
45.0,1.0986122886681098,166.0
16.0,2.995732273553991,195.0
51.0,1.6094379124341005,159.0
4.0,1.3862943611198906,206.0
7.0,1.6094379124341005,203.0
21.0,1.9459101490553128,188.0
55.0,1.3862943611198906,154.0
3.0,2.4849066497880004,205.0
6.0,2.079441541679836,202.0
12.0,1.9459101490553128,195.0
12.0,2.079441541679836,196.0
5.0,1.3862943611198906,202.0
84.0,1.0986122886681098,123.0
78.0,1.6094379124341005,128.0
59.0,1.3862943611198906,148.0
18.0,2.079441541679836,189.0
85.0,1.0986122886681098,121.0
19.0,1.3862943611198906,187.0
66.0,1.6094379124341005,140.0
74.0,2.079441541679836,132.0
7.0,1.0986122886681098,198.0
6.0,1.791759469228055,200.0
11.0,2.6390573296152584,194.0
12.0,1.3862943611198906,193.0
98.0,1.3862943611198906,107.0
95.0,1.0986122886681098,109.0
3.0,2.079441541679836,202.0
5.0,1.0986122886681098,200.0
85.0,1.3862943611198906,119.0
18.0,1.6094379124341005,187.0
16.0,1.9459101490553128,188.0
45.0,1.3862943611198906,159.0
24.0,1.3862943611198906,180.0
79.0,1.0986122886681098,125.0
15.0,1.3862943611198906,189.0
27.0,1.0986122886681098,177.0
8.0,2.3978952727983707,196.0
13.0,1.791759469228055,191.0
21.0,2.079441541679836,182.0
44.0,1.3862943611198906,160.0
10.0,2.079441541679836,194.0
18.0,1.0986122886681098,185.0
39.0,1.3862943611198906,165.0
23.0,1.6094379124341005,180.0
43.0,1.3862943611198906,158.0
32.0,1.3862943611198906,169.0
44.0,1.3862943611198906,158.0
74.0,1.6094379124341005,128.0
8.0,1.6094379124341005,194.0
71.0,1.0986122886681098,131.0
11.0,1.0986122886681098,190.0
90.0,1.791759469228055,111.0
30.0,1.0986122886681098,171.0
25.0,1.9459101490553128,176.0
52.0,1.3862943611198906,148.0
12.0,1.3862943611198906,188.0
57.0,1.0986122886681098,143.0
8.0,1.9459101490553128,191.0
57.0,1.9459101490553128,142.0
24.0,1.6094379124341005,174.0
52.0,1.0986122886681098,146.0
1.0,2.995732273553991,198.0
22.0,1.3862943611198906,177.0
8.0,1.6094379124341005,190.0
8.0,2.079441541679836,190.0
24.0,1.6094379124341005,173.0
74.0,1.3862943611198906,124.0
81.0,1.0986122886681098,116.0
82.0,1.791759469228055,115.0
18.0,1.3862943611198906,178.0
15.0,1.6094379124341005,181.0
58.0,1.0986122886681098,138.0
60.0,1.0986122886681098,134.0
10.0,1.3862943611198906,182.0
26.0,1.0986122886681098,167.0
64.0,1.0986122886681098,127.0
18.0,1.0986122886681098,173.0
71.0,1.6094379124341005,121.0
23.0,1.0986122886681098,169.0
29.0,2.302585092994046,162.0
39.0,1.3862943611198906,152.0
11.0,1.0986122886681098,180.0
50.0,1.0986122886681098,141.0
29.0,1.0986122886681098,161.0
29.0,1.791759469228055,161.0
14.0,2.079441541679836,175.0
28.0,1.9459101490553128,161.0
57.0,1.3862943611198906,132.0
88.0,1.3862943611198906,101.0
31.0,2.079441541679836,158.0
5.0,2.302585092994046,183.0
23.0,1.6094379124341005,164.0
5.0,1.791759469228055,183.0
2.0,2.079441541679836,185.0
10.0,2.833213344056216,177.0
22.0,1.6094379124341005,164.0
10.0,1.6094379124341005,177.0
23.0,1.3862943611198906,164.0
92.0,1.0986122886681098,94.0
39.0,1.0986122886681098,147.0
22.0,1.791759469228055,164.0
31.0,1.3862943611198906,154.0
3.0,1.6094379124341005,182.0
60.0,1.0986122886681098,125.0
29.0,1.3862943611198906,156.0
9.0,2.302585092994046,176.0
16.0,1.6094379124341005,168.0
44.0,1.0986122886681098,141.0
76.0,1.3862943611198906,108.0
77.0,1.3862943611198906,107.0
1.0,1.791759469228055,183.0
29.0,1.791759469228055,154.0
17.0,1.3862943611198906,166.0
1.0,1.791759469228055,182.0
22.0,1.3862943611198906,161.0
2.0,2.5649493574615367,181.0
10.0,1.791759469228055,173.0
50.0,1.6094379124341005,133.0
36.0,1.0986122886681098,146.0
79.0,1.791759469228055,104.0
70.0,1.0986122886681098,112.0
18.0,2.079441541679836,165.0
65.0,1.3862943611198906,117.0
24.0,1.6094379124341005,158.0
22.0,1.791759469228055,160.0
22.0,1.3862943611198906,160.0
79.0,2.079441541679836,103.0
26.0,1.791759469228055,156.0
9.0,2.079441541679836,173.0
19.0,1.0986122886681098,161.0
78.0,1.0986122886681098,102.0
40.0,1.3862943611198906,140.0
32.0,1.6094379124341005,148.0
39.0,1.0986122886681098,141.0
11.0,2.302585092994046,168.0
1.0,2.5649493574615367,179.0
50.0,1.0986122886681098,129.0
60.0,1.791759469228055,120.0
75.0,1.6094379124341005,104.0
85.0,1.791759469228055,94.0
31.0,1.6094379124341005,148.0
72.0,1.3862943611198906,107.0
15.0,1.0986122886681098,164.0
5.0,1.6094379124341005,174.0
3.0,1.9459101490553128,175.0
68.0,1.791759469228055,110.0
31.0,2.302585092994046,147.0
10.0,1.6094379124341005,167.0
46.0,1.6094379124341005,131.0
18.0,1.0986122886681098,160.0
12.0,2.70805020110221,165.0
1.0,2.4849066497880004,175.0
36.0,2.302585092994046,141.0
21.0,1.6094379124341005,155.0
23.0,1.791759469228055,152.0
8.0,1.3862943611198906,168.0
10.0,1.0986122886681098,165.0
43.0,1.0986122886681098,133.0
29.0,1.3862943611198906,147.0
23.0,1.791759469228055,152.0
14.0,2.19722457733622,159.0
21.0,1.6094379124341005,152.0
11.0,2.079441541679836,161.0
12.0,1.6094379124341005,161.0
13.0,1.3862943611198906,160.0
59.0,1.3862943611198906,113.0
40.0,2.772588722239781,132.0
18.0,1.0986122886681098,154.0
43.0,1.791759469228055,129.0
22.0,1.6094379124341005,150.0
38.0,2.079441541679836,134.0
51.0,1.0986122886681098,121.0
78.0,1.6094379124341005,93.0
8.0,1.0986122886681098,162.0
21.0,1.791759469228055,149.0
63.0,1.3862943611198906,107.0
52.0,1.0986122886681098,119.0
7.0,1.0986122886681098,163.0
82.0,1.3862943611198906,88.0
8.0,2.19722457733622,161.0
7.0,2.3978952727983707,162.0
73.0,1.6094379124341005,96.0
16.0,1.9459101490553128,153.0
17.0,1.3862943611198906,152.0
8.0,1.3862943611198906,161.0
75.0,1.3862943611198906,94.0
21.0,1.791759469228055,148.0
2.0,1.6094379124341005,166.0
19.0,1.0986122886681098,148.0
14.0,1.0986122886681098,154.0
43.0,1.3862943611198906,124.0
8.0,1.3862943611198906,157.0
12.0,1.0986122886681098,154.0
8.0,1.9459101490553128,157.0
21.0,1.791759469228055,143.0
28.0,1.3862943611198906,136.0
16.0,1.0986122886681098,148.0
5.0,2.302585092994046,158.0
4.0,1.0986122886681098,159.0
74.0,2.5649493574615367,89.0
38.0,1.3862943611198906,125.0
39.0,1.3862943611198906,124.0
42.0,2.3978952727983707,120.0
24.0,1.791759469228055,138.0
71.0,1.3862943611198906,90.0
22.0,1.6094379124341005,137.0
72.0,1.0986122886681098,85.0
45.0,1.3862943611198906,112.0
22.0,1.6094379124341005,135.0
15.0,1.0986122886681098,142.0
3.0,1.791759469228055,154.0
4.0,2.079441541679836,151.0
56.0,1.3862943611198906,99.0
53.0,2.079441541679836,102.0
18.0,1.6094379124341005,137.0
7.0,2.079441541679836,147.0
35.0,1.3862943611198906,119.0
12.0,1.0986122886681098,143.0
17.0,1.3862943611198906,138.0
9.0,1.6094379124341005,142.0
44.0,1.3862943611198906,107.0
25.0,1.3862943611198906,127.0
50.0,1.0986122886681098,100.0
60.0,1.3862943611198906,91.0
7.0,1.9459101490553128,143.0
2.0,1.0986122886681098,149.0
15.0,1.0986122886681098,135.0
8.0,1.9459101490553128,142.0
1.0,1.791759469228055,149.0
4.0,1.0986122886681098,145.0
23.0,1.3862943611198906,127.0
51.0,1.0986122886681098,98.0
26.0,1.0986122886681098,122.0
33.0,1.6094379124341005,115.0
43.0,1.0986122886681098,105.0
60.0,1.3862943611198906,88.0
64.0,1.3862943611198906,83.0
25.0,1.791759469228055,122.0
4.0,1.9459101490553128,144.0
1.0,1.791759469228055,146.0
23.0,1.3862943611198906,125.0
2.0,1.3862943611198906,145.0
3.0,1.6094379124341005,142.0
7.0,2.4849066497880004,137.0
29.0,1.0986122886681098,115.0
20.0,1.3862943611198906,124.0
17.0,1.6094379124341005,126.0
63.0,1.0986122886681098,80.0
19.0,1.6094379124341005,125.0
21.0,1.791759469228055,122.0
12.0,2.079441541679836,131.0
11.0,1.0986122886681098,132.0
58.0,1.3862943611198906,85.0
5.0,1.6094379124341005,137.0
4.0,2.9444389791664403,139.0
5.0,1.9459101490553128,137.0
5.0,2.70805020110221,137.0
20.0,1.3862943611198906,122.0
5.0,1.0986122886681098,137.0
33.0,1.0986122886681098,108.0
14.0,1.0986122886681098,125.0
11.0,2.079441541679836,129.0
4.0,1.791759469228055,136.0
23.0,1.3862943611198906,116.0
58.0,1.6094379124341005,80.0
35.0,1.3862943611198906,103.0
47.0,1.6094379124341005,91.0
24.0,1.0986122886681098,113.0
56.0,1.3862943611198906,81.0
12.0,1.0986122886681098,125.0
33.0,1.791759469228055,103.0
58.0,1.0986122886681098,78.0
26.0,1.3862943611198906,110.0
36.0,1.0986122886681098,99.0
18.0,2.079441541679836,116.0
40.0,1.791759469228055,95.0
36.0,1.9459101490553128,98.0
3.0,1.791759469228055,131.0
16.0,1.6094379124341005,117.0
19.0,1.3862943611198906,114.0
36.0,1.3862943611198906,97.0
11.0,1.9459101490553128,122.0
4.0,1.0986122886681098,129.0
30.0,1.0986122886681098,103.0
11.0,1.6094379124341005,122.0
5.0,2.302585092994046,125.0
29.0,1.0986122886681098,101.0
35.0,1.3862943611198906,95.0
57.0,1.6094379124341005,73.0
3.0,1.9459101490553128,127.0
64.0,1.0986122886681098,65.0
52.0,1.0986122886681098,76.0
40.0,1.791759469228055,89.0
42.0,1.3862943611198906,86.0
10.0,1.9459101490553128,118.0
26.0,1.0986122886681098,101.0
17.0,1.3862943611198906,109.0
7.0,1.3862943611198906,120.0
6.0,1.3862943611198906,120.0
8.0,1.3862943611198906,118.0
23.0,2.079441541679836,103.0
19.0,1.6094379124341005,107.0
17.0,1.791759469228055,107.0
23.0,1.6094379124341005,99.0
33.0,1.0986122886681098,89.0
53.0,1.3862943611198906,68.0
29.0,1.3862943611198906,92.0
40.0,1.0986122886681098,81.0
20.0,1.791759469228055,101.0
51.0,1.0986122886681098,70.0
21.0,1.0986122886681098,99.0
28.0,1.6094379124341005,92.0
29.0,1.791759469228055,90.0
43.0,1.6094379124341005,77.0
5.0,1.9459101490553128,115.0
5.0,1.0986122886681098,111.0
40.0,1.0986122886681098,76.0
9.0,1.791759469228055,106.0
19.0,1.0986122886681098,96.0
31.0,1.0986122886681098,83.0
44.0,1.791759469228055,70.0
52.0,1.3862943611198906,61.0
37.0,1.3862943611198906,76.0
7.0,1.0986122886681098,106.0
9.0,1.6094379124341005,104.0
1.0,1.6094379124341005,112.0
29.0,1.3862943611198906,82.0
23.0,1.0986122886681098,89.0
8.0,1.6094379124341005,104.0
18.0,1.6094379124341005,94.0
2.0,1.6094379124341005,108.0
1.0,1.791759469228055,109.0
46.0,1.6094379124341005,63.0
3.0,1.791759469228055,106.0
35.0,1.0986122886681098,74.0
33.0,1.3862943611198906,76.0
18.0,1.6094379124341005,91.0
46.0,1.0986122886681098,62.0
4.0,1.3862943611198906,104.0
25.0,1.3862943611198906,82.0
4.0,1.0986122886681098,103.0
25.0,1.3862943611198906,82.0
32.0,1.0986122886681098,74.0
4.0,1.9459101490553128,101.0
9.0,1.791759469228055,96.0
42.0,1.3862943611198906,63.0
3.0,1.9459101490553128,102.0
8.0,2.19722457733622,97.0
4.0,1.3862943611198906,99.0
31.0,1.3862943611198906,70.0
39.0,1.0986122886681098,61.0
4.0,1.0986122886681098,96.0
25.0,1.3862943611198906,75.0
23.0,1.3862943611198906,76.0
10.0,1.6094379124341005,89.0
32.0,1.0986122886681098,65.0
3.0,1.3862943611198906,95.0
16.0,2.079441541679836,82.0
6.0,1.791759469228055,91.0
16.0,1.0986122886681098,80.0
3.0,1.791759469228055,93.0
43.0,1.0986122886681098,52.0
3.0,1.9459101490553128,91.0
32.0,1.6094379124341005,62.0
1.0,1.3862943611198906,93.0
4.0,1.791759469228055,90.0
28.0,1.9459101490553128,65.0
29.0,1.6094379124341005,64.0
11.0,1.0986122886681098,83.0
46.0,1.0986122886681098,46.0
19.0,1.0986122886681098,72.0
45.0,1.6094379124341005,47.0
10.0,1.6094379124341005,81.0
4.0,2.19722457733622,86.0
32.0,2.302585092994046,58.0
22.0,1.0986122886681098,67.0
31.0,1.0986122886681098,58.0
7.0,1.3862943611198906,82.0
10.0,1.9459101490553128,79.0
10.0,1.6094379124341005,79.0
25.0,1.6094379124341005,64.0
19.0,1.791759469228055,69.0
9.0,1.3862943611198906,79.0
5.0,2.19722457733622,83.0
5.0,2.3978952727983707,83.0
17.0,1.0986122886681098,71.0
19.0,1.9459101490553128,68.0
33.0,1.0986122886681098,54.0
39.0,1.3862943611198906,48.0
42.0,1.3862943611198906,44.0
1.0,1.9459101490553128,85.0
12.0,1.0986122886681098,74.0
4.0,1.791759469228055,82.0
21.0,1.3862943611198906,65.0
31.0,1.3862943611198906,55.0
31.0,1.0986122886681098,55.0
35.0,1.6094379124341005,51.0
19.0,1.6094379124341005,67.0
32.0,1.0986122886681098,53.0
2.0,2.302585092994046,82.0
12.0,1.791759469228055,73.0
16.0,1.0986122886681098,69.0
1.0,1.0986122886681098,83.0
21.0,1.6094379124341005,62.0
3.0,1.791759469228055,81.0
25.0,1.0986122886681098,59.0
18.0,1.6094379124341005,64.0
41.0,1.0986122886681098,41.0
6.0,1.791759469228055,76.0
28.0,1.3862943611198906,53.0
24.0,1.3862943611198906,57.0
8.0,1.6094379124341005,73.0
14.0,1.3862943611198906,66.0
24.0,1.3862943611198906,55.0
16.0,1.3862943611198906,63.0
1.0,1.3862943611198906,77.0
10.0,1.0986122886681098,68.0
4.0,1.791759469228055,74.0
10.0,1.3862943611198906,68.0
11.0,1.791759469228055,67.0
12.0,1.6094379124341005,66.0
1.0,1.791759469228055,77.0
17.0,1.791759469228055,61.0
24.0,1.6094379124341005,54.0
16.0,1.3862943611198906,62.0
12.0,1.791759469228055,66.0
11.0,1.3862943611198906,67.0
22.0,1.0986122886681098,56.0
6.0,1.791759469228055,72.0
12.0,1.0986122886681098,66.0
32.0,1.3862943611198906,45.0
8.0,1.791759469228055,69.0
10.0,1.3862943611198906,65.0
4.0,1.0986122886681098,71.0
8.0,1.6094379124341005,67.0
5.0,1.6094379124341005,70.0
5.0,1.791759469228055,70.0
1.0,2.079441541679836,74.0
27.0,1.3862943611198906,48.0
2.0,2.19722457733622,73.0
11.0,1.6094379124341005,64.0
5.0,1.0986122886681098,70.0
36.0,1.0986122886681098,38.0
28.0,1.0986122886681098,46.0
1.0,1.791759469228055,73.0
23.0,1.0986122886681098,50.0
2.0,1.6094379124341005,72.0
3.0,1.3862943611198906,70.0
35.0,1.3862943611198906,37.0
8.0,1.0986122886681098,64.0
23.0,1.0986122886681098,49.0
16.0,1.6094379124341005,56.0
2.0,2.4849066497880004,70.0
22.0,1.9459101490553128,50.0
21.0,1.0986122886681098,50.0
1.0,2.4849066497880004,70.0
10.0,1.6094379124341005,61.0
25.0,1.791759469228055,46.0
16.0,1.3862943611198906,55.0
33.0,1.0986122886681098,37.0
14.0,2.079441541679836,57.0
17.0,1.0986122886681098,54.0
9.0,1.3862943611198906,61.0
29.0,1.0986122886681098,41.0
2.0,1.3862943611198906,69.0
22.0,1.3862943611198906,48.0
6.0,1.6094379124341005,62.0
26.0,1.3862943611198906,42.0
19.0,1.791759469228055,48.0
9.0,1.6094379124341005,58.0
25.0,1.6094379124341005,42.0
23.0,1.0986122886681098,44.0
8.0,1.0986122886681098,59.0
21.0,1.3862943611198906,45.0
8.0,1.6094379124341005,59.0
8.0,1.6094379124341005,58.0
4.0,1.0986122886681098,61.0
25.0,1.3862943611198906,40.0
17.0,1.3862943611198906,48.0
5.0,1.3862943611198906,59.0
4.0,1.791759469228055,61.0
4.0,1.6094379124341005,60.0
10.0,1.6094379124341005,54.0
29.0,1.3862943611198906,35.0
24.0,1.6094379124341005,40.0
3.0,1.9459101490553128,61.0
18.0,1.0986122886681098,46.0
2.0,1.0986122886681098,62.0
10.0,1.6094379124341005,53.0
7.0,1.9459101490553128,56.0
12.0,1.3862943611198906,52.0
8.0,2.19722457733622,55.0
12.0,1.791759469228055,51.0
4.0,2.3978952727983707,59.0
26.0,1.3862943611198906,35.0
9.0,1.6094379124341005,52.0
14.0,2.3978952727983707,46.0
19.0,1.0986122886681098,41.0
1.0,1.6094379124341005,59.0
3.0,2.079441541679836,57.0
8.0,1.0986122886681098,52.0
6.0,1.0986122886681098,54.0
4.0,1.9459101490553128,56.0
3.0,1.3862943611198906,56.0
14.0,1.6094379124341005,45.0
9.0,1.0986122886681098,49.0
21.0,1.3862943611198906,36.0
2.0,1.791759469228055,55.0
22.0,1.6094379124341005,35.0
9.0,1.0986122886681098,48.0
9.0,1.6094379124341005,48.0
27.0,1.6094379124341005,29.0
3.0,2.079441541679836,51.0
4.0,2.302585092994046,50.0
10.0,1.6094379124341005,44.0
10.0,1.6094379124341005,42.0
9.0,1.3862943611198906,43.0
4.0,1.3862943611198906,47.0
24.0,1.0986122886681098,27.0
2.0,1.791759469228055,49.0
8.0,1.791759469228055,42.0
3.0,1.9459101490553128,47.0
3.0,1.0986122886681098,46.0
5.0,1.0986122886681098,44.0
4.0,1.6094379124341005,45.0
18.0,1.0986122886681098,31.0
1.0,1.6094379124341005,46.0
4.0,1.0986122886681098,43.0
12.0,1.6094379124341005,35.0
4.0,1.3862943611198906,43.0
20.0,1.0986122886681098,25.0
15.0,1.0986122886681098,30.0
16.0,1.0986122886681098,28.0
11.0,1.0986122886681098,33.0
5.0,2.19722457733622,39.0
6.0,1.3862943611198906,38.0
9.0,2.3978952727983707,35.0
8.0,1.0986122886681098,35.0
3.0,1.0986122886681098,40.0
10.0,1.0986122886681098,34.0
18.0,1.0986122886681098,26.0
21.0,1.3862943611198906,22.0
5.0,1.6094379124341005,38.0
17.0,1.6094379124341005,25.0
4.0,1.3862943611198906,38.0
3.0,1.791759469228055,37.0
17.0,1.3862943611198906,23.0
2.0,1.3862943611198906,37.0
12.0,1.0986122886681098,28.0
20.0,1.0986122886681098,20.0
6.0,1.0986122886681098,34.0
9.0,1.0986122886681098,31.0
17.0,1.0986122886681098,21.0
3.0,1.0986122886681098,35.0
8.0,1.0986122886681098,31.0
7.0,1.0986122886681098,31.0
1.0,1.0986122886681098,36.0
3.0,1.0986122886681098,35.0
18.0,1.0986122886681098,20.0
3.0,1.6094379124341005,34.0
4.0,2.19722457733622,34.0
1.0,1.3862943611198906,36.0
12.0,1.0986122886681098,24.0
18.0,1.0986122886681098,19.0
11.0,1.0986122886681098,25.0
1.0,1.0986122886681098,35.0
4.0,1.3862943611198906,32.0
11.0,1.0986122886681098,25.0
7.0,1.0986122886681098,28.0
9.0,1.0986122886681098,24.0
1.0,1.3862943611198906,32.0
9.0,1.0986122886681098,24.0
2.0,1.0986122886681098,31.0
4.0,1.3862943611198906,27.0
8.0,1.6094379124341005,23.0
10.0,1.3862943611198906,20.0
6.0,1.0986122886681098,24.0
8.0,1.0986122886681098,22.0
9.0,1.6094379124341005,19.0
1.0,1.3862943611198906,27.0
2.0,1.0986122886681098,25.0
9.0,1.0986122886681098,16.0
7.0,1.0986122886681098,19.0
2.0,1.0986122886681098,23.0
8.0,1.0986122886681098,17.0
8.0,1.0986122886681098,17.0
12.0,1.3862943611198906,12.0
2.0,1.3862943611198906,21.0
9.0,1.3862943611198906,14.0
3.0,1.3862943611198906,20.0
11.0,1.0986122886681098,11.0
4.0,1.9459101490553128,17.0
4.0,1.0986122886681098,17.0
9.0,1.0986122886681098,10.0
9.0,1.0986122886681098,10.0
9.0,1.0986122886681098,10.0
4.0,1.0986122886681098,14.0
2.0,1.3862943611198906,16.0
5.0,1.0986122886681098,12.0
4.0,1.0986122886681098,12.0
5.0,1.0986122886681098,10.0
3.0,1.0986122886681098,11.0
6.0,1.0986122886681098,7.0
4.0,1.3862943611198906,7.0
1.0,1.3862943611198906,8.0
